{
  "lang":"en",
  "name":"pipeline",
  "version":"0.0.0",
  "spacy_version":">=3.4.1,<3.5.0",
  "description":"",
  "author":"",
  "email":"",
  "url":"",
  "license":"",
  "spacy_git_version":"5c2a00cef",
  "vectors":{
    "width":0,
    "vectors":0,
    "keys":0,
    "name":null,
    "mode":"default"
  },
  "labels":{
    "tok2vec":[

    ],
    "ner":[
      "CARDINAL",
      "DATE",
      "EVENT",
      "FAC",
      "GPE",
      "LANGUAGE",
      "LAW",
      "LOC",
      "MONEY",
      "NORP",
      "ORDINAL",
      "ORG",
      "PERCENT",
      "PERSON",
      "PRODUCT",
      "QUANTITY",
      "TIME",
      "WORK_OF_ART"
    ]
  },
  "pipeline":[
    "tok2vec",
    "ner"
  ],
  "components":[
    "tok2vec",
    "ner"
  ],
  "disabled":[

  ],
  "performance":{
    "ents_f":0.8933213805,
    "ents_p":0.8941229251,
    "ents_r":0.8925212718,
    "ents_per_type":{
      "ORG":{
        "p":0.7667342799,
        "r":0.8146551724,
        "f":0.789968652
      },
      "GPE":{
        "p":0.9538106236,
        "r":0.9694835681,
        "f":0.9615832363
      },
      "MONEY":{
        "p":0.9904761905,
        "r":0.9904761905,
        "f":0.9904761905
      },
      "PERCENT":{
        "p":0.972972973,
        "r":0.9677419355,
        "f":0.9703504043
      },
      "FAC":{
        "p":0.6,
        "r":0.3333333333,
        "f":0.4285714286
      },
      "DATE":{
        "p":0.9185667752,
        "r":0.9067524116,
        "f":0.9126213592
      },
      "PERSON":{
        "p":0.6,
        "r":0.0731707317,
        "f":0.1304347826
      },
      "CARDINAL":{
        "p":0.75,
        "r":0.8244274809,
        "f":0.7854545455
      },
      "PRODUCT":{
        "p":0.3,
        "r":0.3,
        "f":0.3
      },
      "LAW":{
        "p":0.0,
        "r":0.0,
        "f":0.0
      },
      "ORDINAL":{
        "p":1.0,
        "r":0.25,
        "f":0.4
      },
      "WORK_OF_ART":{
        "p":0.0,
        "r":0.0,
        "f":0.0
      },
      "EVENT":{
        "p":0.0,
        "r":0.0,
        "f":0.0
      },
      "LOC":{
        "p":0.0,
        "r":0.0,
        "f":0.0
      },
      "QUANTITY":{
        "p":0.0,
        "r":0.0,
        "f":0.0
      }
    },
    "tok2vec_loss":420.0812146686,
    "ner_loss":541.415542065
  }
}