{
  "lang":"en",
  "name":"pipeline",
  "version":"0.0.0",
  "spacy_version":">=3.4.1,<3.5.0",
  "description":"",
  "author":"",
  "email":"",
  "url":"",
  "license":"",
  "spacy_git_version":"5c2a00cef",
  "vectors":{
    "width":0,
    "vectors":0,
    "keys":0,
    "name":null,
    "mode":"default"
  },
  "labels":{
    "tok2vec":[

    ],
    "ner":[
      "B-art",
      "B-eve",
      "B-geo",
      "B-gpe",
      "B-nat",
      "B-org",
      "B-per",
      "B-tim",
      "I-art",
      "I-eve",
      "I-geo",
      "I-gpe",
      "I-nat",
      "I-org",
      "I-per",
      "I-tim"
    ]
  },
  "pipeline":[
    "tok2vec",
    "ner"
  ],
  "components":[
    "tok2vec",
    "ner"
  ],
  "disabled":[

  ],
  "performance":{
    "ents_f":0.7001214083,
    "ents_p":0.708725932,
    "ents_r":0.6917233107,
    "ents_per_type":{
      "B-geo":{
        "p":0.7005347594,
        "r":0.7332089552,
        "f":0.7164995442
      },
      "B-gpe":{
        "p":0.5942408377,
        "r":0.8501872659,
        "f":0.6995377504
      },
      "B-tim":{
        "p":0.852398524,
        "r":0.8133802817,
        "f":0.8324324324
      },
      "B-org":{
        "p":0.6363636364,
        "r":0.52,
        "f":0.572327044
      },
      "I-geo":{
        "p":0.7333333333,
        "r":0.5454545455,
        "f":0.6255924171
      },
      "B-per":{
        "p":0.7246963563,
        "r":0.6556776557,
        "f":0.6884615385
      },
      "I-per":{
        "p":0.7932098765,
        "r":0.8426229508,
        "f":0.8171701113
      },
      "I-org":{
        "p":0.7731958763,
        "r":0.6097560976,
        "f":0.6818181818
      },
      "B-nat":{
        "p":0.0,
        "r":0.0,
        "f":0.0
      },
      "B-eve":{
        "p":0.0,
        "r":0.0,
        "f":0.0
      },
      "I-tim":{
        "p":0.8653846154,
        "r":0.5172413793,
        "f":0.6474820144
      },
      "I-gpe":{
        "p":0.0,
        "r":0.0,
        "f":0.0
      },
      "I-nat":{
        "p":0.0,
        "r":0.0,
        "f":0.0
      },
      "B-art":{
        "p":0.0,
        "r":0.0,
        "f":0.0
      },
      "I-art":{
        "p":0.0,
        "r":0.0,
        "f":0.0
      },
      "I-eve":{
        "p":0.0,
        "r":0.0,
        "f":0.0
      }
    },
    "tok2vec_loss":764.5144065096,
    "ner_loss":827.1676007348
  }
}