{
  "lang":"en",
  "name":"pipeline",
  "version":"0.0.0",
  "spacy_version":">=3.4.1,<3.5.0",
  "description":"",
  "author":"",
  "email":"",
  "url":"",
  "license":"",
  "spacy_git_version":"5c2a00cef",
  "vectors":{
    "width":0,
    "vectors":0,
    "keys":0,
    "name":null,
    "mode":"default"
  },
  "labels":{
    "tok2vec":[

    ],
    "ner":[
      "CARDINAL",
      "DATE",
      "EVENT",
      "FAC",
      "GPE",
      "LANGUAGE",
      "LAW",
      "LOC",
      "MONEY",
      "NORP",
      "ORDINAL",
      "ORG",
      "PERCENT",
      "PERSON",
      "PRODUCT",
      "QUANTITY",
      "TIME",
      "WORK_OF_ART"
    ]
  },
  "pipeline":[
    "tok2vec",
    "ner"
  ],
  "components":[
    "tok2vec",
    "ner"
  ],
  "disabled":[

  ],
  "performance":{
    "ents_f":0.8862356387,
    "ents_p":0.8916591115,
    "ents_r":0.8808777429,
    "ents_per_type":{
      "ORG":{
        "p":0.7622080679,
        "r":0.7737068966,
        "f":0.7679144385
      },
      "GPE":{
        "p":0.9369988545,
        "r":0.9600938967,
        "f":0.9484057971
      },
      "MONEY":{
        "p":1.0,
        "r":0.9952380952,
        "f":0.9976133652
      },
      "PERCENT":{
        "p":0.9781420765,
        "r":0.9623655914,
        "f":0.9701897019
      },
      "FAC":{
        "p":0.25,
        "r":0.1111111111,
        "f":0.1538461538
      },
      "PERSON":{
        "p":0.3,
        "r":0.1463414634,
        "f":0.1967213115
      },
      "DATE":{
        "p":0.910543131,
        "r":0.9163987138,
        "f":0.9134615385
      },
      "CARDINAL":{
        "p":0.9363636364,
        "r":0.786259542,
        "f":0.8547717842
      },
      "PRODUCT":{
        "p":0.2666666667,
        "r":0.4,
        "f":0.32
      },
      "ORDINAL":{
        "p":1.0,
        "r":0.25,
        "f":0.4
      },
      "WORK_OF_ART":{
        "p":0.0,
        "r":0.0,
        "f":0.0
      },
      "EVENT":{
        "p":0.0,
        "r":0.0,
        "f":0.0
      },
      "LAW":{
        "p":0.0,
        "r":0.0,
        "f":0.0
      },
      "LOC":{
        "p":0.3333333333,
        "r":0.1666666667,
        "f":0.2222222222
      },
      "QUANTITY":{
        "p":0.0,
        "r":0.0,
        "f":0.0
      }
    },
    "tok2vec_loss":955.4148909105,
    "ner_loss":273.0694940123
  }
}