{
  "lang":"en",
  "name":"pipeline",
  "version":"0.0.0",
  "spacy_version":">=3.4.1,<3.5.0",
  "description":"",
  "author":"",
  "email":"",
  "url":"",
  "license":"",
  "spacy_git_version":"5c2a00cef",
  "vectors":{
    "width":0,
    "vectors":0,
    "keys":0,
    "name":null,
    "mode":"default"
  },
  "labels":{
    "tok2vec":[

    ],
    "ner":[
      "B-art",
      "B-eve",
      "B-geo",
      "B-gpe",
      "B-nat",
      "B-org",
      "B-per",
      "B-tim",
      "I-art",
      "I-eve",
      "I-geo",
      "I-gpe",
      "I-nat",
      "I-org",
      "I-per",
      "I-tim"
    ]
  },
  "pipeline":[
    "tok2vec",
    "ner"
  ],
  "components":[
    "tok2vec",
    "ner"
  ],
  "disabled":[

  ],
  "performance":{
    "ents_f":0.7213970293,
    "ents_p":0.7243047158,
    "ents_r":0.718512595,
    "ents_per_type":{
      "B-geo":{
        "p":0.6753846154,
        "r":0.8190298507,
        "f":0.7403035413
      },
      "B-gpe":{
        "p":0.7535211268,
        "r":0.8014981273,
        "f":0.77676951
      },
      "B-tim":{
        "p":0.8046357616,
        "r":0.8556338028,
        "f":0.8293515358
      },
      "B-org":{
        "p":0.6782945736,
        "r":0.5,
        "f":0.5756578947
      },
      "I-geo":{
        "p":0.7358490566,
        "r":0.6446280992,
        "f":0.6872246696
      },
      "B-per":{
        "p":0.7175572519,
        "r":0.6886446886,
        "f":0.7028037383
      },
      "I-per":{
        "p":0.7153652393,
        "r":0.931147541,
        "f":0.8091168091
      },
      "I-org":{
        "p":0.7988505747,
        "r":0.5650406504,
        "f":0.6619047619
      },
      "I-art":{
        "p":0.0,
        "r":0.0,
        "f":0.0
      },
      "B-nat":{
        "p":0.0,
        "r":0.0,
        "f":0.0
      },
      "I-tim":{
        "p":0.9487179487,
        "r":0.4252873563,
        "f":0.5873015873
      },
      "I-gpe":{
        "p":0.0,
        "r":0.0,
        "f":0.0
      },
      "I-nat":{
        "p":0.0,
        "r":0.0,
        "f":0.0
      },
      "B-art":{
        "p":0.0,
        "r":0.0,
        "f":0.0
      },
      "B-eve":{
        "p":0.0,
        "r":0.0,
        "f":0.0
      },
      "I-eve":{
        "p":0.0,
        "r":0.0,
        "f":0.0
      }
    },
    "tok2vec_loss":423.6771747364,
    "ner_loss":2017.3712653527
  }
}