{
  "lang":"en",
  "name":"pipeline",
  "version":"0.0.0",
  "spacy_version":">=3.4.1,<3.5.0",
  "description":"",
  "author":"",
  "email":"",
  "url":"",
  "license":"",
  "spacy_git_version":"5c2a00cef",
  "vectors":{
    "width":0,
    "vectors":0,
    "keys":0,
    "name":null,
    "mode":"default"
  },
  "labels":{
    "tok2vec":[

    ],
    "ner":[
      "CARDINAL",
      "DATE",
      "EVENT",
      "FAC",
      "GPE",
      "LANGUAGE",
      "LAW",
      "LOC",
      "MONEY",
      "NORP",
      "ORDINAL",
      "ORG",
      "PERCENT",
      "PERSON",
      "PRODUCT",
      "QUANTITY",
      "TIME",
      "WORK_OF_ART"
    ]
  },
  "pipeline":[
    "tok2vec",
    "ner"
  ],
  "components":[
    "tok2vec",
    "ner"
  ],
  "disabled":[

  ],
  "performance":{
    "ents_f":0.840443828,
    "ents_p":0.870132108,
    "ents_r":0.8127145923,
    "ents_per_type":{
      "PERSON":{
        "p":0.5025996534,
        "r":0.3003625065,
        "f":0.376012966
      },
      "DATE":{
        "p":0.8037422475,
        "r":0.8772372648,
        "f":0.8388830984
      },
      "CARDINAL":{
        "p":0.9419154154,
        "r":0.9218969555,
        "f":0.9317986804
      },
      "GPE":{
        "p":0.8418079096,
        "r":0.5498154982,
        "f":0.6651785714
      },
      "FAC":{
        "p":0.1025641026,
        "r":0.05,
        "f":0.0672268908
      },
      "ORG":{
        "p":0.8672702164,
        "r":0.7034225264,
        "f":0.7768004398
      },
      "TIME":{
        "p":0.34375,
        "r":0.4782608696,
        "f":0.4
      },
      "MONEY":{
        "p":0.8663101604,
        "r":0.7807228916,
        "f":0.8212927757
      },
      "WORK_OF_ART":{
        "p":0.3714285714,
        "r":0.1181818182,
        "f":0.1793103448
      },
      "NORP":{
        "p":0.8010752688,
        "r":0.9085365854,
        "f":0.8514285714
      },
      "EVENT":{
        "p":0.21875,
        "r":0.0875,
        "f":0.125
      },
      "QUANTITY":{
        "p":0.0,
        "r":0.0,
        "f":0.0
      },
      "PRODUCT":{
        "p":0.6,
        "r":0.0244897959,
        "f":0.0470588235
      },
      "LAW":{
        "p":0.0,
        "r":0.0,
        "f":0.0
      },
      "LOC":{
        "p":0.0,
        "r":0.0,
        "f":0.0
      },
      "ORDINAL":{
        "p":0.0,
        "r":0.0,
        "f":0.0
      }
    },
    "tok2vec_loss":2766.9907822945,
    "ner_loss":11878.0059413209
  }
}