{
  "lang":"en",
  "name":"pipeline",
  "version":"0.0.0",
  "spacy_version":">=3.4.1,<3.5.0",
  "description":"",
  "author":"",
  "email":"",
  "url":"",
  "license":"",
  "spacy_git_version":"5c2a00cef",
  "vectors":{
    "width":0,
    "vectors":0,
    "keys":0,
    "name":null,
    "mode":"default"
  },
  "labels":{
    "tok2vec":[

    ],
    "ner":[
      "CARDINAL",
      "DATE",
      "EVENT",
      "FAC",
      "GPE",
      "LANGUAGE",
      "LAW",
      "LOC",
      "MONEY",
      "NORP",
      "ORDINAL",
      "ORG",
      "PERCENT",
      "PERSON",
      "PRODUCT",
      "QUANTITY",
      "TIME",
      "WORK_OF_ART"
    ]
  },
  "pipeline":[
    "tok2vec",
    "ner"
  ],
  "components":[
    "tok2vec",
    "ner"
  ],
  "disabled":[

  ],
  "performance":{
    "ents_f":0.8383570584,
    "ents_p":0.8500179207,
    "ents_r":0.8270118026,
    "ents_per_type":{
      "PERSON":{
        "p":0.4955102041,
        "r":0.314344899,
        "f":0.3846641318
      },
      "DATE":{
        "p":0.8325664909,
        "r":0.8511932079,
        "f":0.8417768197
      },
      "CARDINAL":{
        "p":0.9321535658,
        "r":0.9282786885,
        "f":0.9302120919
      },
      "GPE":{
        "p":0.8341232227,
        "r":0.6494464945,
        "f":0.7302904564
      },
      "ORG":{
        "p":0.7782548302,
        "r":0.7670192906,
        "f":0.7725962141
      },
      "TIME":{
        "p":0.3157894737,
        "r":0.5217391304,
        "f":0.393442623
      },
      "MONEY":{
        "p":0.8049327354,
        "r":0.865060241,
        "f":0.8339140534
      },
      "WORK_OF_ART":{
        "p":0.323943662,
        "r":0.2090909091,
        "f":0.2541436464
      },
      "NORP":{
        "p":0.9791666667,
        "r":0.8597560976,
        "f":0.9155844156
      },
      "EVENT":{
        "p":0.1739130435,
        "r":0.1,
        "f":0.126984127
      },
      "QUANTITY":{
        "p":0.0,
        "r":0.0,
        "f":0.0
      },
      "LOC":{
        "p":0.1428571429,
        "r":0.1666666667,
        "f":0.1538461538
      },
      "PRODUCT":{
        "p":0.3205128205,
        "r":0.1020408163,
        "f":0.1547987616
      },
      "LAW":{
        "p":0.08,
        "r":0.0487804878,
        "f":0.0606060606
      },
      "FAC":{
        "p":0.3205128205,
        "r":0.3125,
        "f":0.3164556962
      },
      "ORDINAL":{
        "p":1.0,
        "r":0.0769230769,
        "f":0.1428571429
      }
    },
    "tok2vec_loss":3733.3993822167,
    "ner_loss":8898.9433012966
  }
}